<?xml version="1.0"?>
<!-- masscan v1.0 scan -->
<nmaprun scanner="masscan" start="1676238968" version="1.0-BETA"  xmloutputversion="1.03">
<scaninfo type="syn" protocol="tcp" />
<host endtime="1676238967"><address addr="54.236.216.36" addrtype="ipv4"/><ports><port protocol="tcp" portid="80"><state state="open" reason="syn-ack" reason_ttl="64"/></port></ports></host>
<host endtime="1676239032"><address addr="65.108.232.12" addrtype="ipv4"/><ports><port protocol="tcp" portid="443"><state state="open" reason="syn-ack" reason_ttl="64"/></port></ports></host>
<host endtime="1676239256"><address addr="172.64.147.169" addrtype="ipv4"/><ports><port protocol="tcp" portid="2096"><state state="open" reason="syn-ack" reason_ttl="64"/></port></ports></host>
<runstats>
<finished time="1676239817" timestr="2023-02-12 17:10:17" elapsed="850" />
<hosts up="3" down="0" total="3" />
</runstats>
</nmaprun>
